#,streamer_name
1,ludwig
2,RanbooLive
3,xQcOW
4,NICKMERCS
5,summit1g
6,Gaules
7,Repullze
8,HasanAbi
9,karljacobs
10,TimTheTatman
11,Sykkuno
12,CriticalRole
13,MOONMOON
14,Mizkif
15,tommyinnit
16,LuckyChamu
17,auronplay
18,Philza
19,AdmiralBahroo
20,LVNDMARK
21,GameAttack
22,AdinRoss
23,buddha
24,moistcr1tikal
25,ibai
26,PaymoneyWubby
27,BruceGreene
28,BobbyPoffGaming
29,MontanaBlack88
30,Trymacs
31,Kamet0
32,T90Official
33,CaptainPuffy
34,jccaylen
35,LIRIK
36,Swagg
37,QuackityHQ
38,chessbrah
39,ZanoXVII
40,DrLupo
41,alanzoka
42,Tubbo
43,loltyler1
44,AnthonyZ
45,CohhCarnage
46,GeorgeNotFound
47,Amouranth
48,sodapoppin
49,RonnieRadke
50,Castro_1021
51,Papaplatte
52,kianlawley
53,Zombie_Barricades
54,dasMEHDI
55,exzachtt
56,TeePee
57,Tfue
58,5uppp
59,Rubius
60,Pestily
61,ZeratoR
62,Shotz
63,ELoTRiX
64,GernaderJake
65,KYR_SP33DY
66,eliasn97
67,Asmongold
68,Cellbit
69,fps_shaka
70,Whippy
71,Tumblurr
72,RATIRL
73,shroud
74,NoWay4u_Sir
75,GRONKH
76,Kyle
77,Elraenn
78,Ramee
79,pokimane
80,Sapnap
81,Xposed
82,IceManIsaac
83,Trainwreckstv
84,Bigpuffer
85,Moonryde
86,mistermv
87,capturesca
88,WilburSoot
89,juansguarnizo
90,IlloJuan
91,StableRonaldo_
92,HusKerrs
93,forsen
94,Ponce
95,TheGrefg
96,RayNarvaezJr
97,jacksepticeye
98,DarkViperAU
99,Nmplol
100,KevinLangue
101,Sintica
102,LuluLuvely
103,Maximilian_DOOD
104,Tectone
105,sleepy
106,elxokas
107,BruceDropEmOff
108,fuslie
109,FolagorLives
110,itscrawfordcollins
111,Domingo
112,Snip3down
113,TSM_ImperialHal
114,JLTomy
115,alexelcapo
116,EsfandTV
117,pqueen
118,pokelawls
119,stylishnoob4
120,KendineMuzisyen
121,SmallAnt
122,Amar
123,Gladd
124,GMHikaru
125,Syndicate
126,TheRealKnossi
127,Kitboga
128,BarbarousKing
129,CDNThe3rd
130,GTAWiseGuy
131,MiltonTPike1
132,TheDeluxe4
133,JessieCooks
134,JASONR
135,Symfuhny
136,Crystalst
137,CobaltStreak
138,AvoidingThePuddle
139,LosPollosTV
140,cloakzy
141,Sattelizer
142,Ninja
143,SteveSuptic
144,Abyss
145,Timmac
146,LyonWGFLive
147,SypherPK
148,Jahrein
149,Quin69
150,PotasticP
151,Momo
152,ibabyrainbow
153,Co1azo
154,WeeBop
155,CodeMiko
156,Ray__C
157,GD_booya
158,Gotaga
159,GodKu
160,Jelty
161,Nick28T
162,YoDa
163,JustGaBBo
164,Agraelus
165,IWillDominate
166,Shlorox
167,UberHaxorNova
168,DougisRaw
169,Cydonia_Chiara
170,Baddie
171,AmericanDad
172,Sweatcicle
173,CPentagon
174,Sequisha
175,POW3Rtv
176,MckyTV
177,NickEh30
178,imPheetus
179,Expel
180,bananabrea
181,Squeezie
182,TenZ
183,TSM_Viss
184,Spaceboy
185,GMNaroditsky
186,AnEternalEnigma
187,chocoTaco
188,elded
189,Kiva
190,JessGOAT
191,Chainbrain
192,Vlesk
193,Minion777
194,BrookeAB
195,Elajjaz
196,Ssaab
197,GrandPOObear
198,PokemonChallenges
199,Pengu
200,Reborn_Live
201,Binfy
202,Atrioc
203,scump
204,Jay3
205,Jerma985
206,thatgingergrl
207,HippieHabitat
208,Low4n
209,harrisonwebb97
210,DNP3
211,Ashi
212,runthefutmarket
213,willneff
214,MatteoHS
215,MEKABEAR
216,MorganMarlene
217,Serpentgameplay
218,dakotaz
219,Yassuo
220,JadeyAnh
221,TheNicoleT
222,DanucD
223,Rizzo
224,StanMan34
225,widow
226,Alluux
227,skill4ltu
228,RocketCatchnBob
229,Hera
230,itsHafu
231,itswill
232,BorasLegend
233,melina
234,KingGeorge
235,MyMisterFruit
236,Hiko
237,lilypichu
238,JustJamie
239,TommyKayLIVE
240,Central_Committee
241,DansGaming
242,Ki11erSix
243,Nagzz21
244,CoconutB
245,Swiftor
246,SaltyPhish
247,BotezLive
248,Gorgc
249,B0aty
250,Ramos
251,Chica
252,Scarra
253,Zerkaa
254,PointCrow
255,Masayoshi
256,hannahxxrose
257,Kamikatze
258,Fierik
259,TaliaMar
260,Greekgodx
261,TangoTek
262,Nadeshot
263,Mactics
264,Day9tv
265,My_1st_Kill
266,JackManifoldTV
267,CraigMabbitt
268,cdewx
269,kutcherlol
270,jennmcallister
271,JakePitts
272,Eret
273,TestyFPS
274,iRepptar
275,aceu
276,Keeoh
277,ItsSavagge
278,KuruHS
279,Knut
280,JuggsRP
281,Leyla
282,Agustabell212
283,shofu
284,Herr_Currywurst
285,GoldGlove
286,newbz
287,Mongraal
288,Heelmike
289,jakenbakeLIVE
290,ZkMushroom
291,QuickyBaby
292,mrdaft
293,Welyn
294,Jaee
295,Sick_Nerd
296,TapL
297,Paoloidolo
298,MeYeR_TV
299,Loeya
300,herculyse
301,jaystreazy
302,Curvyllama
303,Simply
304,Faux
305,Brizz94
306,UhMaayyze
307,skinnedteen
308,EWROON
309,christian_seavey
310,GassyMexican
311,Deansocool
312,SheriffEli
313,Proze
314,AdmiralBulldog
315,syrinxx1337
316,DiazBiffle
317,emilycc
318,bbreadman
319,SideLogic
320,SunGym
321,Almxnd
322,benjyfishy
323,HeyROBofficial
324,slickstevie
325,nl_Kripp
326,FalaXii
327,Foxxy_Sly
328,DizzyKitten
329,TeamSp00ky
330,Angelic
331,Kaceytron
332,KaraCorvus
333,SympulsMusic
334,풍월량
335,woops
336,STYLERZ
337,ImWaspy
338,jonsmiff
339,NYYXXII
340,Giantwaffle
341,악어
342,Jemceee
343,atheenabean
344,TheUncleJoeShow
345,athnessa
346,SkratchBastid
347,aksually
348,Annoying
349,Elix
350,Poison
351,Ekuegan
352,Teuf
353,JoePags
354,katybentz
355,Spofie
356,EvanAndKatelyn
357,72hrs
358,SportsCastSquad
359,Toqtir
360,GeorgeNotGina
361,DaddyDimmuTV
362,Timmy2Cans
363,TaehaTypes
364,brianteradababy
365,UpshallGames
366,brodie
367,HANAWINS
368,Bloody
369,RO0PE
370,LondonController
371,RevedTV
372,Nightblue3
373,HC_Baller
374,Nati
375,milanknol
376,BAMS
377,TFBlade
378,boxbox
379,Lethalfrag
380,CrReaM
381,Felps
382,Chlooeeeexo
383,Jadez
384,mount
385,BadBunny
386,mang0
387,TweaK
388,loud_coringa
389,iamBush
390,FORMAL
391,knueppelpaste
392,Mushu
393,iJamesDavis
394,elena_fn
395,TurunPug
396,Kephrii
397,PandaTV
398,DjMissNinja
399,ShadyPenguinn
400,crokeyz
401,DownToQuest
402,Oatsngoats
403,Broeki1
404,FatherSonGaming
405,janix
406,duunncs
407,Loganolio
408,MANvsGAME
409,Dennsen86
410,Nakkida
411,chrisudalla
412,x2Twins
413,Markstrom
414,DannyDorito23
415,theLGX
416,AustinShow
417,ConfusedDevil
418,JCbackfire
419,SMii7Y
420,erobb221
421,ObiWannCoyote
422,Sovitia
423,itsdevonte
424,craycrayroc69
425,WoolieGaming
426,MattRP
427,deefizzy
428,VeronicaJae
429,singsing
430,PatoPapao
431,djedizz
432,Mynthos
433,Sumly90
434,Jayce
435,MisokaaTv
436,BigNeo
437,neeko
438,PiezasMFT
439,Niekbeats
440,hexy
441,Andy
442,Zwave69
443,DashDucks
444,Malinkaa98
445,JOJOsaysbreee
446,Farfa
447,AnnaTrold0307
448,koji
449,xBaronful
450,GlostikWilly
451,vTater
452,Towelliee
453,hayden
454,Datto
455,HealthyGamer_GG
456,Livilu
457,marty_vole
458,Trick2g
459,DannyBartok
460,CrankGameplays
461,ShuKzNorris
462,MissJuneDJ
463,impulseSV
464,JokerdTV
465,Kurumx
466,TelleTWA
467,HeyStan
468,BAXBEAST
469,ClintStevens
470,NotRyanAbe
471,itmeJP
472,TaigaVR
473,BlingCjay
474,wintergaming
475,Smiiistad
476,Johnstone
477,PKMNcast
478,kinzixx
479,TheMeatman
480,djmixy
481,LowkeyRoss
482,Wirtual
483,ProblyStoned
484,CyberH3ro
485,darkphan
486,Thijs
487,theneedledrop
488,amustycow
489,BigSyn
490,MrSoki
491,서새봄냥
492,iHenna
493,Vinc3ntvega
494,Carla
495,dogdog
496,KatFires
497,Jinja
498,triciaisabirdy
499,Firefox_Blue
500,EquusTV
501,JoshOG
502,xKittyMcPancakes
503,fobm4ster
504,Slade
505,jessirocks
506,RoadrunnerR74
507,StarSpawn_
508,jacktheali3n
509,KC_Adam
510,rhinohulk
511,earliboy
512,FreeRideGames
513,MonkeysRaw
514,TeLo
515,Panelet
516,Afro
517,JuicyJohns
518,CathFawr
519,Docgotgame
520,DomeZ
521,25logan25
522,Nyxia
523,MittensGG
524,barrr_none
525,ValleGaming
526,DJAUDIO1
527,TrooperKallam
528,BASETRADETV
529,KuchenTV
530,Ravena
531,Hunky
532,katoo
533,coreanofps
534,GaGOD
535,Pieman
536,Dino_xx
537,Grimmmz
538,Rillo
539,pulmonary0
540,Shock_OW
541,ThomTree
542,zBoywonder
543,Hazlanz
544,Norby
545,MarckozHD
546,bungotaiga
547,BehavingBeardly
548,DistantCoder
549,CletusBueford
550,Deadlydillgaming
551,Sleepypan
552,NaPeoples
553,masondota2
554,SYLVlA
555,Buozzi
556,NeskWgA
557,NOBRU
558,blake
559,Gemita
560,CozyGam3r
561,grathwrang
562,Sp4zie
563,tbmarkus
564,EXBC
565,Just_Relax_Kid
566,MoiDawg
567,HamNCheddar
568,BlueandQueenie
569,inakzeptabel_hd
570,RockMom85
571,nudah
572,Jawsh
573,ayked
574,iRiskpvp
575,Riskin
576,DJ_Shorty_K
577,RandomBritishDude
578,FlexZ
579,저뉸쓰_
580,Ezekiel_III
581,TIMETELL
582,Fireburner
583,KawaiiGrin
584,MatBest11x
585,Lriaa_BDS
586,OutTrump3d
587,MsKenner
588,DAN6ER_RISS
589,JadaSoJaded
590,Flutcalankiz
591,Maddynf
592,catsen
593,Umbra
594,seihyuni
595,Mic_Feedback
596,Markiplier
597,MarkyNextDoor
598,NickiTaylor
599,Melrosee
600,Newdori
601,FloMcNasty_TV
602,ShintaLovesHouseMusic
603,Oathmeal
604,Paschy90
605,tibb12
606,dakieksde
607,Raraman
608,tvandeR
609,MachoBigcat
610,tsikyo
611,JessieTV
612,Blonde_Chick_88
613,Mclovins97
614,ZitoFN
615,zSpyda
616,LandFork
617,AndyMilonakis
618,rpold
619,Christophertremb
620,Rossy_TTV
621,MrMouton
622,NoTsch_
623,ChiefzLive
624,Mitchflowerpower
625,CamWOW_GoldenX
626,JimSauce
627,Mayzomatic
628,BananaSlamJamma
629,drew_bills
630,DJMikeMorino
631,TubinMonkey
632,ThatOneRebel
633,Jackhuddo
634,RichardLewisReports
635,redhead_stephie
636,donnie_oh
637,EYESHAofficial
638,Falcone
639,IamSoloJoe
640,CookSux
641,MiaMetzMusic
642,Falcodrin
643,Twobold
644,TinkTV
645,Kyokeru
646,oijtv
647,ZainNaghmi
648,Daannyy
649,SkywarpOtaku
650,switch
651,NatalieRose
652,iateyourpie
653,Gloriiuuh
654,MissSkillShots
655,KONGSTYLE101
656,Adriens__
657,BlueEyes_und_Sushi
658,Feinberg
659,TobiasWhell
660,emilyuwo
661,RonThaMasstadon
662,M3rkd_by_a_SKIRT
663,mrdandandan
664,Greg2007
665,Makina
666,boltz
667,fovvs
668,CrazySlick
669,GreysonHaskell
670,Mande
671,CloakedCowboy
672,GuyWithNoSkills
673,Maikeru
674,Winghaven
675,ESL_CSGO
676,Hotted89
677,jennysmiles
678,EonsofIan
679,brookiecookie925
680,EdSaysHush
681,douglas_tv
682,Pengwin
683,DanikinsGG
684,FleshyDeers
685,GgSanTomE
686,Vixella
687,SacredXO
688,SASxSH4DOWZ
689,HowDoYouMakeThat
690,ssbroswwefan
691,Warchiwar
692,RoxyC
693,onoez
694,Nikatine
695,Dada
696,vulcanlg
697,SteffyEvans
698,FeralWife
699,LineChu
700,Jelly_Bree
701,Yogscast
702,RayCheesy21
703,ARCHIT3CT
704,realbenex
705,FlyGunCZ
706,AyarBaffo
707,JLAmaru
708,Burban
709,Attach
710,LumiRue
711,WowGrandma78
712,Valeria7K
713,Joseph
714,DirkNeuenfels
715,SmexysYT
716,Naded
717,Vostik_
718,TaKeTV
719,SuopOnTwitch
720,AngelikaChessborn
721,ErkanUndStefan
722,Camilo
723,prelor
724,LocoBaltar
725,NuMbeR1Girl
726,BotKZ
727,2TwistedTV
728,DjChrisCraze
729,Electric_Mermaid
730,Jehal
731,Russ_Money
732,splucy
733,T00Hardcore
734,Spyron85
735,duckdan
736,Seum
737,itslemonsquares
738,SayBayBay
739,izzimouse
740,Meatwrist
741,ThatFriendlyGuyTTV
742,Dukeofanukes
743,Teamkrado
744,ATT_OficiaL
745,SodaKite
746,JimRsNg
747,obkatiekat
748,CrubTV
749,TomateKing
750,Thor
751,HFOXX77
752,mayyya
753,pittcrewww
754,Somjuu
755,knightenator
756,JustJaremi
757,thyotherside
758,JohnFranklyn
759,pNation
760,August
761,Inviicta
762,StormBreakerLive
763,ProfessorBroman
764,kaiito
765,goncho
766,Seronich
767,LindsayK22
768,TobiasFate
769,kinstaar
770,Ambish
771,Daveedium
772,Visca96Barca
773,Strimtom
774,Demonifying
775,Huuge
776,yoshiiplayss
777,iAM_iKandi
778,EnergizedKnight
779,xflixx
780,Mendo
781,FuTV_
782,KroTukk
783,Ottomated
784,Voyboy
785,zunksoyyo
786,Radlerauge
787,SleepingBear
788,2thy
789,DrasseL
790,Jurassiq
791,Kandyland
792,YoCyanide
793,HashtagChess
794,ThePrimeagen
795,JasonParadise
796,STPeach
797,GracefulSwan
798,TheMaineDad
799,RocketBaguette
800,spawntaneouss
801,VASTgg
802,Feyd
803,ThatHighGuyy
804,yakinop
805,Mifuyu
806,Reddysh
807,Guep
808,CarnyJared
809,Heelena
810,Ortizzil
811,AdaMaZe
812,LoudAnnoying
813,imaqtpie
814,gr8py
815,rasco100
816,DRLLAA
817,JustRyuk
818,effectz
819,Solstice
820,Br0dyman
821,CorazonPeach
822,tayszea
823,ElisabeteTV
824,SocialGamblers
825,LeftFlankVets
826,JZKonjies
827,macke
828,TonytheDuff
829,dj_headschot
830,LiquidWiFi
831,LyndonFPS
832,SourSweet
833,Corky
834,fragolaqt
835,BenGSimon
836,SkoOotles
837,JayWity
838,BROBQ
839,JoeNeverFails
840,VilifiedPeanut
841,Jennifer
842,ToneEUW
843,KarQ
844,Scxrlet64
845,Fextralife
846,trihex
847,Cuppcaake
848,점피지니
849,Swifty
850,TweetyExpert
851,Rhadamant5186
852,KarimCheese
853,largeknots
854,artsyfartsy
855,Zilandraa
856,Its_ZEFF
857,SeBo_0815
858,PainInTheAxe
859,Reignex
860,Berlu
861,JayFrog
862,ZexsOG
863,QueenHayliexo
864,NoNameFound
865,SarahDaniels
866,Niisa
867,Becca
868,Jester1147
869,Lolipopgi
870,CrazyRachet
871,MissyAlcazarMusic
872,JPhysique
873,lockandloadliv
874,DottyHack
875,Borgvang
876,MARZiTOiSONFiRE
877,DuhFero
878,Flights1
879,TRAPGOD
880,guaconmysock
881,Varlem
882,Almighty_Tevin
883,TaylorTakedown
884,selmacashmoney
885,KittyKrystl
886,roseriie
887,Kalamazi
888,ConnieHeinz
889,BennniStreams
890,Braxtvn
891,BilboSwaginYolo420Twerk69
892,Zenon_OF
893,PCDocBerlin
894,SrikerSly
895,MsNyra
896,TSM_TheOddOne
897,jaayyswasd
898,shilynnsan
899,enaolf
900,CaseyMeow
901,PakmanFPS
902,GibsAndPieces
903,christinafitzgerald
904,CmdKrieger
905,popesquidward
906,Gisthekey
907,xoAlkali
908,jenbaited
909,d3athcap_
910,Juke
911,JDdotST
912,TiptoeTinglesASMR
913,sepsissband
914,nikkijustine
915,dk_motorsports
916,Properjob00
917,Gould305
918,xocheergurlox
919,veryDave
920,TommyDime
921,ForgottenProject
922,BritBratTV
923,poisonedpotion
924,FlinkTV_
925,Azhtral
926,ThatCampinGuy
927,Prizzaa
928,KSPKSP
929,lxFORMIDABLExl
930,sunshine247__
931,beauty
932,Buzro
933,BigDaveFootball
934,Smexi
935,Stonepa
936,officialtonyh
937,PacoPaco
938,SuperMegAmimi
939,SilverName
940,PreacherFTW
941,StringPlayerGamer
942,Meji_Wolf
943,VERTiiGOGAMING
944,Megamem3
945,TheeBigBird_
946,Hudatcha
947,JesseRachaelFL
948,nosoymaiki
949,Viiki
950,SwangKBk
951,Etherim1
952,rafihuezo
953,TurtlesAndChill
954,威傅
955,exoryne
956,Slay
957,HazVsRPG
958,Sama
959,Murkedd
960,TheFlyingFabio
961,BaileyGoat
962,Hyster
963,DJVadermixx
964,Leopard
965,TWOOFF
966,hsbyl
967,CautionItsHeavy
968,TheEarlofSuds
969,NeofoxTTV
970,LivPosting
971,SkuLLyJai
972,ObongaTTV
973,SharkyLQ
974,dish
975,talohns
976,Trivia_Rose
977,Newtiteuf
978,Lady_Saab
979,Cloud_805
980,queen_etimy
981,MrTubey
982,ersinrealthe
983,Kohvex
984,Maylie_tv
985,PaopuKomi
986,xTeallys
987,Chiarola
988,ItsGoga
989,RD_Reckless
990,PSYMILL
991,Scratcher86
992,Jaayy
993,LambbChops
994,Potter
995,maddiebops
996,calvinthomasmusic
997,griizzIy_
998,kajzoo
999,eBeOneTrick
1000,Grym
